UserID,Channel2,RecordDate2,Duration 2
903994,Trace TV,1/4/2016 18:09,2026-07-30T00:02:00.000Z
802352,ICC Cricket World Cup 2011,3/30/2016 9:04,2026-07-30T00:10:06.000Z
866125,ICC Cricket World Cup 2011,3/30/2016 17:01,2026-07-30T00:00:42.000Z
2425604,ICC Cricket World Cup 2011,3/25/2016 15:23,2026-07-30T00:00:10.000Z
793571,SawSee,2/2/2016 17:18,2026-07-30T00:01:33.000Z
793571,Boomerang,3/18/2016 16:56,2026-07-30T00:00:10.000Z
793571,Channel O,3/20/2016 4:25,2026-07-30T00:17:15.000Z
793571,Boomerang,2/3/2016 6:43,2026-07-30T00:01:13.000Z
819248,Channel O,3/31/2016 10:01,2026-07-30T00:04:45.000Z
820321,Cartoon Network,1/9/2016 8:25,2026-07-30T00:00:40.000Z
892453,Supersport Live Events,3/24/2016 9:09,2026-07-30T00:00:06.000Z
892453,ICC Cricket World Cup 2011,3/26/2016 15:33,2026-07-30T05:01:12.000Z
828799,Channel O,2/28/2016 8:09,2026-07-30T00:00:00.000Z
787656,Channel O,2/15/2016 8:40,2026-07-30T00:11:15.000Z
939566,Supersport Live Events,1/9/2016 15:40,2026-07-30T00:22:02.000Z
771778,Supersport Live Events,2/5/2016 13:47,2026-07-30T00:04:12.000Z
808915,SuperSport Blitz,2/20/2016 5:34,2026-07-30T00:01:14.000Z
808915,Supersport Live Events,2/21/2016 13:45,2026-07-30T00:00:50.000Z
808916,E! Entertainment,2/19/2016 11:03,2026-07-30T00:01:42.000Z
808916,Boomerang,2/19/2016 20:15,2026-07-30T00:00:00.000Z
831679,Supersport Live Events,3/1/2016 3:17,2026-07-30T00:00:50.000Z
808917,Break in transmission,2/27/2016 18:13,2026-07-30T00:00:26.000Z
808917,Supersport Live Events,2/28/2016 20:20,2026-07-30T00:00:24.000Z
939570,kykNET,3/30/2016 23:52,2026-07-30T00:01:24.000Z
880213,Africa Magic,3/30/2016 19:13,2026-07-30T00:00:11.000Z
2255459,SawSee,3/9/2016 8:51,2026-07-30T00:00:15.000Z
2255459,Channel O,3/29/2016 2:23,2026-07-30T00:07:54.000Z
808921,Trace TV,3/2/2016 6:01,2026-07-30T00:18:27.000Z
808921,Channel O,3/6/2016 15:58,2026-07-30T00:00:48.000Z
831683,CNN,2/25/2016 19:48,2026-07-30T00:00:42.000Z
831683,Africa Magic,2/25/2016 15:59,2026-07-30T00:00:00.000Z
831683,ICC Cricket World Cup 2011,3/4/2016 7:21,2026-07-30T00:00:00.000Z
761775,Cartoon Network,2/4/2016 14:12,2026-07-30T00:02:15.000Z
761775,SuperSport Blitz,1/25/2016 15:59,2026-07-30T00:01:14.000Z
866131,Boomerang,3/7/2016 17:16,2026-07-30T00:00:03.000Z
904019,Africa Magic,3/29/2016 16:03,2026-07-30T00:14:58.000Z
939575,Africa Magic,3/10/2016 21:30,2026-07-30T00:01:22.000Z
808923,SuperSport Blitz,2/21/2016 18:03,2026-07-30T00:01:12.000Z
808923,Trace TV,2/17/2016 18:45,2026-07-30T00:13:21.000Z
933014,Boomerang,3/31/2016 23:24,2026-07-30T00:00:00.000Z
892461,SawSee,3/12/2016 8:24,2026-07-30T00:01:18.000Z
892461,SawSee,3/9/2016 3:54,2026-07-30T00:00:00.000Z
2255463,Boomerang,3/31/2016 13:17,2026-07-30T00:00:54.000Z
808926,Supersport Live Events,2/19/2016 7:20,2026-07-30T01:29:08.000Z
808926,Channel O,2/21/2016 6:27,2026-07-30T00:01:48.000Z
808926,Trace TV,2/2/2016 10:17,2026-07-30T00:01:06.000Z
808926,Supersport Live Events,2/25/2016 6:38,2026-07-30T00:03:14.000Z
808926,Cartoon Network,2/18/2016 12:00,2026-07-30T00:21:11.000Z
771783,Trace TV,2/1/2016 12:51,2026-07-30T00:04:45.000Z
771783,SawSee,1/30/2016 21:43,2026-07-30T00:00:13.000Z
2368357,SuperSport Blitz,3/2/2016 12:32,2026-07-30T00:03:52.000Z
2368357,Supersport Live Events,3/8/2016 10:46,2026-07-30T00:00:56.000Z
2368357,Cartoon Network,3/8/2016 15:28,2026-07-30T00:00:00.000Z
2368357,Trace TV,3/8/2016 15:28,2026-07-30T00:00:00.000Z
788616,SuperSport Blitz,1/27/2016 12:03,2026-07-30T00:00:06.000Z
771785,ICC Cricket World Cup 2011,2/28/2016 16:53,2026-07-30T00:00:46.000Z
630977,Trace TV,1/16/2016 9:52,2026-07-30T00:00:15.000Z
808928,Channel O,2/13/2016 19:35,2026-07-30T00:05:30.000Z
808928,ICC Cricket World Cup 2011,3/1/2016 12:15,2026-07-30T00:00:00.000Z
831694,Africa Magic,3/1/2016 22:07,2026-07-30T00:00:02.000Z
808929,Africa Magic,1/11/2016 18:18,2026-07-30T00:00:57.000Z
808929,Cartoon Network,1/24/2016 18:35,2026-07-30T01:32:32.000Z
892465,Cartoon Network,3/13/2016 18:39,2026-07-30T00:02:31.000Z
892465,Channel O,3/14/2016 10:38,2026-07-30T00:00:36.000Z
892465,CNN,3/18/2016 14:04,2026-07-30T00:00:37.000Z
892465,Vuzu,3/19/2016 7:23,2026-07-30T00:00:20.000Z
892465,Africa Magic,3/31/2016 10:45,2026-07-30T00:00:08.000Z
892465,Africa Magic,3/30/2016 14:13,2026-07-30T00:00:26.000Z
820335,ICC Cricket World Cup 2011,3/8/2016 9:19,2026-07-30T00:22:56.000Z
820335,Cartoon Network,3/19/2016 5:10,2026-07-30T00:00:06.000Z
820335,ICC Cricket World Cup 2011,3/12/2016 9:38,2026-07-30T00:00:38.000Z
820335,ICC Cricket World Cup 2011,3/12/2016 9:48,2026-07-30T00:01:52.000Z
820335,ICC Cricket World Cup 2011,3/9/2016 13:14,2026-07-30T00:27:16.000Z
820335,ICC Cricket World Cup 2011,3/26/2016 12:44,2026-07-30T00:04:22.000Z
830836,Boomerang,3/2/2016 11:07,2026-07-30T00:00:07.000Z
770963,Supersport Live Events,3/24/2016 9:45,2026-07-30T00:23:04.000Z
770963,ICC Cricket World Cup 2011,2/25/2016 9:28,2026-07-30T00:06:10.000Z
904035,E! Entertainment,3/29/2016 19:34,2026-07-30T00:05:42.000Z
868888,ICC Cricket World Cup 2011,3/30/2016 11:55,2026-07-30T00:06:54.000Z
808930,Supersport Live Events,2/22/2016 8:29,2026-07-30T00:01:28.000Z
808930,ICC Cricket World Cup 2011,3/2/2016 9:38,2026-07-30T00:04:30.000Z
808930,ICC Cricket World Cup 2011,3/11/2016 8:40,2026-07-30T00:00:00.000Z
808930,ICC Cricket World Cup 2011,2/24/2016 11:23,2026-07-30T00:03:56.000Z
808930,ICC Cricket World Cup 2011,2/24/2016 8:33,2026-07-30T00:03:44.000Z
808930,Supersport Live Events,2/27/2016 17:11,2026-07-30T00:00:28.000Z
808930,ICC Cricket World Cup 2011,2/23/2016 15:26,2026-07-30T00:00:08.000Z
808930,ICC Cricket World Cup 2011,3/30/2016 12:19,2026-07-30T00:23:08.000Z
879414,CNN,3/31/2016 21:19,2026-07-30T00:00:52.000Z
771791,Channel O,3/14/2016 11:51,2026-07-30T00:02:54.000Z
771791,M-Net,3/6/2016 5:02,2026-07-30T00:01:43.000Z
819259,Supersport Live Events,2/26/2016 15:53,2026-07-30T00:01:44.000Z
2285528,ICC Cricket World Cup 2011,3/15/2016 10:20,2026-07-30T00:53:50.000Z
868892,Trace TV,3/12/2016 14:47,2026-07-30T00:05:54.000Z
808971,Boomerang,2/8/2016 10:45,2026-07-30T00:00:14.000Z
868892,Channel O,3/10/2016 10:50,2026-07-30T00:01:42.000Z
866251,Boomerang,3/10/2016 19:13,2026-07-30T00:04:31.000Z
779369,CNN,2/11/2016 19:35,2026-07-30T00:20:39.000Z
779369,E! Entertainment,1/20/2016 5:20,2026-07-30T00:06:16.000Z
779369,CNN,1/18/2016 13:06,2026-07-30T00:13:19.000Z
1281997,Cartoon Network,2/20/2016 16:51,2026-07-30T00:00:35.000Z
615057,Channel O,1/10/2016 7:34,2026-07-30T00:14:12.000Z
786055,Channel O,1/19/2016 18:42,2026-07-30T00:01:03.000Z
786055,DStv Events 1,1/18/2016 17:49,2026-07-30T00:02:25.000Z
850656,Africa Magic,3/5/2016 21:12,2026-07-30T00:00:17.000Z
850656,Channel O,3/6/2016 5:25,2026-07-30T00:00:00.000Z
850656,Africa Magic,3/6/2016 7:09,2026-07-30T00:00:00.000Z
2368365,ICC Cricket World Cup 2011,3/30/2016 11:17,2026-07-30T00:38:12.000Z
764296,E! Entertainment,2/4/2016 8:42,2026-07-30T00:02:26.000Z
764296,Trace TV,2/1/2016 20:10,2026-07-30T00:00:00.000Z
779373,CNN,2/28/2016 5:58,2026-07-30T00:06:27.000Z
771793,Supersport Live Events,1/5/2016 21:33,2026-07-30T00:04:56.000Z
771793,Supersport Live Events,1/10/2016 4:43,2026-07-30T00:00:00.000Z
771793,Trace TV,2/18/2016 20:23,2026-07-30T00:00:42.000Z
771793,Trace TV,2/12/2016 0:38,2026-07-30T00:02:33.000Z
1106084,Channel O,3/22/2016 18:50,2026-07-30T00:11:39.000Z
1106084,Supersport Live Events,3/5/2016 17:30,2026-07-30T00:00:54.000Z
1106084,ICC Cricket World Cup 2011,3/6/2016 9:20,2026-07-30T00:11:24.000Z
1106084,Trace TV,3/9/2016 4:54,2026-07-30T00:03:24.000Z
1106084,Channel O,3/9/2016 18:00,2026-07-30T00:04:39.000Z
868895,Trace TV,3/14/2016 23:35,2026-07-30T00:13:48.000Z
868895,ICC Cricket World Cup 2011,3/12/2016 12:18,2026-07-30T00:38:02.000Z
868895,Trace TV,3/12/2016 12:19,2026-07-30T00:01:09.000Z
868895,ICC Cricket World Cup 2011,3/16/2016 0:02,2026-07-30T00:02:00.000Z
868895,Channel O,3/16/2016 0:14,2026-07-30T00:03:18.000Z
808934,Supersport Live Events,3/24/2016 12:17,2026-07-30T00:12:40.000Z
808934,Boomerang,3/11/2016 16:58,2026-07-30T00:05:30.000Z
808934,Supersport Live Events,2/6/2016 6:56,2026-07-30T00:00:00.000Z
808934,Trace TV,2/6/2016 10:38,2026-07-30T00:04:03.000Z
808934,Supersport Live Events,2/6/2016 19:55,2026-07-30T00:03:38.000Z
808934,Trace TV,3/6/2016 12:38,2026-07-30T00:04:57.000Z
808934,SuperSport Blitz,2/12/2016 17:16,2026-07-30T00:02:42.000Z
808934,Supersport Live Events,3/6/2016 13:58,2026-07-30T00:01:02.000Z
808934,Supersport Live Events,3/6/2016 14:00,2026-07-30T00:01:38.000Z
808934,Supersport Live Events,3/27/2016 16:07,2026-07-30T00:01:30.000Z
939592,Supersport Live Events,3/27/2016 14:51,2026-07-30T00:17:32.000Z
771796,SuperSport Blitz,2/5/2016 15:17,2026-07-30T00:27:14.000Z
771796,Supersport Live Events,3/24/2016 10:46,2026-07-30T00:02:28.000Z
771796,Channel O,2/6/2016 16:10,2026-07-30T00:00:51.000Z
771796,Supersport Live Events,2/6/2016 16:18,2026-07-30T00:00:18.000Z
771796,Supersport Live Events,3/27/2016 16:58,2026-07-30T00:24:10.000Z
771796,Supersport Live Events,3/26/2016 17:00,2026-07-30T01:44:38.000Z
889840,Supersport Live Events,3/20/2016 20:18,2026-07-30T00:00:00.000Z
2368371,Supersport Live Events,3/26/2016 10:25,2026-07-30T00:08:12.000Z
617535,Africa Magic,1/11/2016 20:08,2026-07-30T00:00:11.000Z
617961,Boomerang,1/31/2016 22:06,2026-07-30T00:09:11.000Z
771797,SuperSport Blitz,2/3/2016 13:31,2026-07-30T00:00:32.000Z
67584,Supersport Live Events,1/18/2016 15:04,2026-07-30T00:05:58.000Z
808936,Supersport Live Events,3/24/2016 12:31,2026-07-30T00:05:50.000Z
808936,Supersport Live Events,2/18/2016 10:25,2026-07-30T00:00:00.000Z
590480,Africa Magic,1/4/2016 16:11,2026-07-30T00:02:47.000Z
831713,Trace TV,3/14/2016 7:08,2026-07-30T00:07:06.000Z
831713,Trace TV,3/7/2016 14:45,2026-07-30T00:15:21.000Z
817216,ICC Cricket World Cup 2011,2/24/2016 15:57,2026-07-30T00:02:56.000Z
817216,M-Net,2/25/2016 21:13,2026-07-30T00:00:00.000Z
2406478,Supersport Live Events,3/26/2016 13:50,2026-07-30T00:07:00.000Z
793592,Channel O,3/21/2016 12:34,2026-07-30T01:06:21.000Z
904063,Cartoon Network,3/26/2016 22:02,2026-07-30T00:00:17.000Z
904063,Cartoon Network,3/26/2016 20:09,2026-07-30T00:00:15.000Z
586459,Cartoon Network,1/2/2016 9:49,2026-07-30T00:05:10.000Z
791320,ICC Cricket World Cup 2011,3/5/2016 12:57,2026-07-30T00:00:14.000Z
791320,ICC Cricket World Cup 2011,3/6/2016 9:33,2026-07-30T00:13:04.000Z
791320,ICC Cricket World Cup 2011,3/6/2016 8:32,2026-07-30T00:13:54.000Z
771802,Boomerang,1/2/2016 12:42,2026-07-30T00:09:55.000Z
771802,Supersport Live Events,1/30/2016 14:11,2026-07-30T01:23:54.000Z
771802,CNN,1/1/2016 11:25,2026-07-30T00:00:21.000Z
771802,Supersport Live Events,1/8/2016 14:50,2026-07-30T00:06:06.000Z
771802,CNN,1/1/2016 2:37,2026-07-30T00:01:06.000Z
771802,Supersport Live Events,2/12/2016 16:51,2026-07-30T01:19:52.000Z
808941,SuperSport Blitz,3/1/2016 0:30,2026-07-30T00:00:32.000Z
600713,Channel O,1/1/2016 14:32,2026-07-30T00:47:18.000Z
600713,Channel O,1/13/2016 14:27,2026-07-30T00:00:27.000Z
2407123,Boomerang,3/14/2016 7:40,2026-07-30T00:00:44.000Z
2407123,Cartoon Network,3/8/2016 21:04,2026-07-30T00:08:40.000Z
2407123,ICC Cricket World Cup 2011,3/6/2016 9:48,2026-07-30T00:00:06.000Z
939600,Africa Magic,3/19/2016 2:07,2026-07-30T00:00:14.000Z
939600,ICC Cricket World Cup 2011,3/20/2016 14:34,2026-07-30T00:00:42.000Z
939600,Supersport Live Events,3/20/2016 15:36,2026-07-30T00:01:14.000Z
939602,Channel O,3/22/2016 16:45,2026-07-30T00:15:03.000Z
939602,Cartoon Network,3/18/2016 20:38,2026-07-30T00:00:00.000Z
939602,Supersport Live Events,3/18/2016 8:19,2026-07-30T00:00:12.000Z
939602,Cartoon Network,3/18/2016 20:05,2026-07-30T00:00:11.000Z
939602,Cartoon Network,3/20/2016 12:27,2026-07-30T00:00:49.000Z
939602,ICC Cricket World Cup 2011,3/28/2016 13:33,2026-07-30T00:01:46.000Z
939602,Channel O,3/28/2016 13:46,2026-07-30T00:05:00.000Z
939602,Channel O,3/25/2016 4:46,2026-07-30T00:45:00.000Z
939602,Africa Magic,3/25/2016 4:26,2026-07-30T00:03:32.000Z
939602,Channel O,3/29/2016 9:28,2026-07-30T00:04:30.000Z
939602,Africa Magic,3/21/2016 16:36,2026-07-30T00:02:07.000Z
866315,Boomerang,3/17/2016 22:32,2026-07-30T00:00:35.000Z
939603,ICC Cricket World Cup 2011,3/30/2016 8:47,2026-07-30T00:34:22.000Z
808945,Break in transmission,3/1/2016 19:19,2026-07-30T00:00:58.000Z
301011,SuperSport Blitz,1/8/2016 17:03,2026-07-30T00:01:08.000Z
831720,ICC Cricket World Cup 2011,3/1/2016 15:04,2026-07-30T00:04:16.000Z
831720,ICC Cricket World Cup 2011,3/1/2016 14:59,2026-07-30T00:10:10.000Z
831721,Channel O,3/2/2016 19:29,2026-07-30T00:04:39.000Z
831721,SawSee,3/2/2016 19:33,2026-07-30T00:02:05.000Z
895195,Trace TV,3/23/2016 19:06,2026-07-30T00:07:48.000Z
1289864,Trace TV,1/26/2016 7:40,2026-07-30T00:00:00.000Z
808948,SuperSport Blitz,2/11/2016 5:04,2026-07-30T00:02:00.000Z
808948,Channel O,2/18/2016 3:26,2026-07-30T00:00:12.000Z
808948,Channel O,2/18/2016 13:46,2026-07-30T00:00:57.000Z
808948,Channel O,2/24/2016 9:36,2026-07-30T00:01:00.000Z
808948,Trace TV,3/18/2016 11:42,2026-07-30T00:01:24.000Z
808948,Channel O,3/18/2016 11:55,2026-07-30T00:29:21.000Z
808948,Channel O,2/10/2016 19:46,2026-07-30T00:00:27.000Z
808948,Channel O,3/20/2016 15:49,2026-07-30T00:00:18.000Z
808948,ICC Cricket World Cup 2011,2/23/2016 11:18,2026-07-30T00:14:44.000Z
808948,Channel O,2/13/2016 1:05,2026-07-30T00:01:42.000Z
779395,Cartoon Network,2/14/2016 12:01,2026-07-30T00:02:55.000Z
779395,Trace TV,2/10/2016 14:07,2026-07-30T00:16:48.000Z
904090,Boomerang,3/23/2016 17:33,2026-07-30T00:00:24.000Z
1106115,Africa Magic,1/11/2016 16:06,2026-07-30T00:06:26.000Z
1106115,Trace TV,1/11/2016 15:33,2026-07-30T00:05:57.000Z
820361,Supersport Live Events,3/5/2016 17:29,2026-07-30T00:02:48.000Z
820361,Supersport Live Events,3/20/2016 17:58,2026-07-30T00:02:12.000Z
820361,SuperSport Blitz,2/27/2016 12:54,2026-07-30T00:08:26.000Z
820361,Supersport Live Events,2/27/2016 13:14,2026-07-30T00:00:20.000Z
820361,Supersport Live Events,2/27/2016 16:06,2026-07-30T00:00:08.000Z
820361,Cartoon Network,3/3/2016 6:11,2026-07-30T00:00:06.000Z
771816,SawSee,1/1/2016 6:59,2026-07-30T00:01:19.000Z
771816,Channel O,1/1/2016 7:02,2026-07-30T00:00:39.000Z
771816,Trace TV,1/1/2016 17:29,2026-07-30T00:01:57.000Z
771816,Cartoon Network,3/23/2016 11:09,2026-07-30T00:01:03.000Z
771816,Trace TV,2/6/2016 19:26,2026-07-30T00:01:15.000Z
771816,Trace TV,2/27/2016 9:32,2026-07-30T00:00:00.000Z
771816,Trace TV,3/7/2016 3:54,2026-07-30T00:01:57.000Z
771816,Cartoon Network,3/1/2016 6:27,2026-07-30T00:04:14.000Z
788649,SuperSport Blitz,1/15/2016 16:12,2026-07-30T00:02:38.000Z
939606,Cartoon Network,3/30/2016 5:53,2026-07-30T00:00:44.000Z
831728,SuperSport Blitz,3/12/2016 20:45,2026-07-30T00:01:24.000Z
939607,ICC Cricket World Cup 2011,3/30/2016 11:56,2026-07-30T00:00:46.000Z
808949,Africa Magic,2/20/2016 6:53,2026-07-30T00:03:41.000Z
808949,Africa Magic,2/15/2016 17:52,2026-07-30T00:00:29.000Z
808949,Africa Magic,3/2/2016 10:21,2026-07-30T00:00:23.000Z
808949,Africa Magic,2/14/2016 7:56,2026-07-30T00:00:25.000Z
808949,Boomerang,3/9/2016 8:24,2026-07-30T00:01:10.000Z
806460,Boomerang,2/13/2016 19:58,2026-07-30T00:00:00.000Z
460303,Cartoon Network,1/22/2016 16:30,2026-07-30T00:01:15.000Z
808950,Boomerang,2/18/2016 13:25,2026-07-30T00:02:37.000Z
808950,Channel O,2/18/2016 13:02,2026-07-30T00:01:06.000Z
808950,Boomerang,2/18/2016 5:57,2026-07-30T00:00:04.000Z
808950,Supersport Live Events,2/20/2016 14:29,2026-07-30T00:02:54.000Z
808950,SuperSport Blitz,3/3/2016 18:08,2026-07-30T00:05:38.000Z
808950,Channel O,2/18/2016 4:24,2026-07-30T00:02:15.000Z
808950,Trace TV,2/18/2016 7:37,2026-07-30T00:00:12.000Z
808950,Channel O,2/18/2016 14:49,2026-07-30T00:00:51.000Z
808950,Supersport Live Events,3/6/2016 14:41,2026-07-30T00:00:16.000Z
808950,SuperSport Blitz,3/3/2016 4:23,2026-07-30T00:11:20.000Z
808950,SuperSport Blitz,3/27/2016 10:37,2026-07-30T00:00:22.000Z
892644,Boomerang,3/21/2016 7:49,2026-07-30T00:04:54.000Z
925955,ICC Cricket World Cup 2011,3/30/2016 8:40,2026-07-30T00:06:00.000Z
771823,Channel O,2/6/2016 11:10,2026-07-30T00:01:15.000Z
853642,E! Entertainment,3/6/2016 21:22,2026-07-30T00:00:00.000Z
904101,Trace TV,3/28/2016 20:22,2026-07-30T00:01:06.000Z
904101,E! Entertainment,3/24/2016 22:59,2026-07-30T00:00:00.000Z
904101,Africa Magic,3/26/2016 13:21,2026-07-30T00:01:23.000Z
831732,Trace TV,3/3/2016 11:22,2026-07-30T00:10:45.000Z
831732,Cartoon Network,3/8/2016 17:51,2026-07-30T00:01:23.000Z
831732,ICC Cricket World Cup 2011,3/15/2016 22:32,2026-07-30T00:00:20.000Z
1106137,E! Entertainment,1/8/2016 21:02,2026-07-30T00:02:32.000Z
1106137,Cartoon Network,1/8/2016 21:13,2026-07-30T00:00:00.000Z
865372,Boomerang,3/28/2016 6:07,2026-07-30T00:01:03.000Z
865372,Boomerang,3/27/2016 5:10,2026-07-30T00:07:27.000Z
2255518,Supersport Live Events,2/5/2016 10:14,2026-07-30T00:01:06.000Z
2255518,CNN,2/26/2016 13:14,2026-07-30T00:00:36.000Z
2255518,Break in transmission,2/15/2016 5:24,2026-07-30T00:00:21.000Z
2255518,ICC Cricket World Cup 2011,2/24/2016 9:54,2026-07-30T00:00:00.000Z
2255518,Supersport Live Events,1/12/2016 15:23,2026-07-30T00:01:02.000Z
2255518,Supersport Live Events,1/28/2016 9:45,2026-07-30T00:02:06.000Z
2255518,Channel O,1/3/2016 14:58,2026-07-30T00:00:00.000Z
779410,Cartoon Network,1/21/2016 17:19,2026-07-30T00:04:11.000Z
779410,Trace TV,2/3/2016 12:04,2026-07-30T00:02:36.000Z
771830,Trace TV,1/1/2016 14:43,2026-07-30T00:00:30.000Z
507286,Trace TV,1/2/2016 15:59,2026-07-30T01:28:33.000Z
507286,Cartoon Network,1/4/2016 17:01,2026-07-30T00:00:02.000Z
507286,Boomerang,1/4/2016 7:31,2026-07-30T00:05:36.000Z
507286,Cartoon Network,1/4/2016 10:21,2026-07-30T00:03:45.000Z
507286,CNN,1/1/2016 5:32,2026-07-30T00:00:04.000Z
507286,Boomerang,1/3/2016 15:00,2026-07-30T00:49:11.000Z
1293309,ICC Cricket World Cup 2011,3/23/2016 11:03,2026-07-30T00:00:00.000Z
939619,M-Net,3/13/2016 10:57,2026-07-30T00:00:21.000Z
939619,SuperSport Blitz,3/13/2016 8:55,2026-07-30T00:01:08.000Z
988056,E! Entertainment,3/31/2016 17:35,2026-07-30T00:00:00.000Z
18031,Supersport Live Events,1/28/2016 18:49,2026-07-30T00:00:42.000Z
18031,CNN,1/6/2016 23:00,2026-07-30T00:24:51.000Z
808958,SuperSport Blitz,2/21/2016 17:13,2026-07-30T00:08:36.000Z
808958,Trace TV,2/20/2016 13:26,2026-07-30T00:00:39.000Z
808958,Channel O,2/20/2016 17:14,2026-07-30T00:00:27.000Z
808958,Boomerang,3/2/2016 9:10,2026-07-30T00:09:10.000Z
808958,Cartoon Network,2/21/2016 13:56,2026-07-30T00:17:16.000Z
808958,Trace TV,2/24/2016 18:21,2026-07-30T00:14:51.000Z
808958,Cartoon Network,2/24/2016 10:38,2026-07-30T00:00:12.000Z
808958,Boomerang,3/1/2016 18:49,2026-07-30T00:00:40.000Z
840343,Trace TV,3/5/2016 18:37,2026-07-30T00:05:18.000Z
1106156,SuperSport Blitz,3/31/2016 20:16,2026-07-30T00:05:06.000Z
793616,CNN,1/25/2016 4:11,2026-07-30T00:00:02.000Z
793616,Africa Magic,1/24/2016 14:16,2026-07-30T00:03:35.000Z
939622,Boomerang,3/27/2016 23:23,2026-07-30T00:00:04.000Z
939622,kykNET,3/28/2016 13:14,2026-07-30T00:02:06.000Z
939622,CNN,3/30/2016 13:29,2026-07-30T00:00:19.000Z
868925,SuperSport Blitz,3/8/2016 10:27,2026-07-30T00:00:20.000Z
764342,SuperSport Blitz,2/2/2016 6:11,2026-07-30T00:03:48.000Z
808961,Boomerang,2/20/2016 1:51,2026-07-30T00:24:00.000Z
808961,Boomerang,2/22/2016 16:24,2026-07-30T00:06:59.000Z
853655,SawSee,2/16/2016 15:45,2026-07-30T00:00:00.000Z
939624,Trace TV,3/22/2016 18:50,2026-07-30T00:01:21.000Z
939624,Vuzu,3/20/2016 10:36,2026-07-30T00:00:53.000Z
939624,Vuzu,3/20/2016 10:44,2026-07-30T00:02:09.000Z
939624,Boomerang,3/31/2016 21:12,2026-07-30T00:00:00.000Z
939624,Trace TV,3/31/2016 21:22,2026-07-30T00:59:00.000Z
939624,Vuzu,3/16/2016 17:07,2026-07-30T00:00:15.000Z
2203312,Vuzu,3/31/2016 20:46,2026-07-30T00:00:23.000Z
808965,SuperSport Blitz,2/18/2016 8:55,2026-07-30T00:00:10.000Z
808965,Supersport Live Events,2/15/2016 19:55,2026-07-30T00:00:30.000Z
808965,ICC Cricket World Cup 2011,2/24/2016 12:14,2026-07-30T00:04:04.000Z
808965,Supersport Live Events,2/18/2016 6:44,2026-07-30T00:01:00.000Z
808965,Supersport Live Events,2/6/2016 6:42,2026-07-30T00:02:12.000Z
808965,ICC Cricket World Cup 2011,3/6/2016 9:16,2026-07-30T00:19:10.000Z
808965,E! Entertainment,2/9/2016 18:54,2026-07-30T00:01:12.000Z
788672,Boomerang,2/11/2016 19:21,2026-07-30T00:00:19.000Z
788672,Africa Magic,1/19/2016 15:29,2026-07-30T00:00:24.000Z
808966,Supersport Live Events,3/13/2016 10:06,2026-07-30T00:00:38.000Z
808966,Supersport Live Events,3/13/2016 16:22,2026-07-30T00:10:02.000Z
808966,Supersport Live Events,1/19/2016 20:29,2026-07-30T00:34:06.000Z
808966,ICC Cricket World Cup 2011,3/23/2016 8:40,2026-07-30T01:16:40.000Z
808966,Boomerang,3/19/2016 20:17,2026-07-30T00:37:25.000Z
808966,Africa Magic,1/27/2016 19:25,2026-07-30T00:00:23.000Z
808966,Africa Magic,3/20/2016 13:54,2026-07-30T00:00:53.000Z
808966,Supersport Live Events,3/20/2016 20:18,2026-07-30T00:00:00.000Z
808966,Supersport Live Events,3/20/2016 14:40,2026-07-30T00:00:00.000Z
808966,SuperSport Blitz,2/23/2016 4:06,2026-07-30T01:48:38.000Z
808966,SuperSport Blitz,3/24/2016 4:14,2026-07-30T00:00:00.000Z
633678,Channel O,2/11/2016 19:05,2026-07-30T00:00:00.000Z
786099,E! Entertainment,2/9/2016 14:10,2026-07-30T00:00:48.000Z
808969,Supersport Live Events,3/3/2016 8:06,2026-07-30T00:00:42.000Z
808969,Trace TV,3/8/2016 10:47,2026-07-30T00:02:03.000Z
808969,Supersport Live Events,1/12/2016 19:58,2026-07-30T00:55:44.000Z
808969,Trace TV,1/13/2016 16:40,2026-07-30T00:01:24.000Z
808969,Cartoon Network,1/11/2016 20:00,2026-07-30T00:00:32.000Z
859311,Boomerang,3/8/2016 19:53,2026-07-30T00:14:20.000Z
859311,Trace TV,3/10/2016 18:00,2026-07-30T00:24:57.000Z
859311,Channel O,3/10/2016 19:04,2026-07-30T00:23:36.000Z
808971,Boomerang,2/18/2016 18:28,2026-07-30T00:00:57.000Z
808971,Boomerang,2/7/2016 13:41,2026-07-30T00:01:06.000Z
808971,Boomerang,2/7/2016 20:15,2026-07-30T00:04:53.000Z
808971,Channel O,1/26/2016 14:16,2026-07-30T00:01:36.000Z
808971,Boomerang,3/30/2016 19:19,2026-07-30T00:00:00.000Z
808971,Boomerang,3/25/2016 14:23,2026-07-30T00:07:27.000Z
830980,Boomerang,3/17/2016 10:13,2026-07-30T00:03:10.000Z
792729,Trace TV,3/30/2016 17:50,2026-07-30T00:02:00.000Z
820387,SuperSport Blitz,1/27/2016 13:54,2026-07-30T00:12:08.000Z
820387,Cartoon Network,1/27/2016 9:52,2026-07-30T00:01:27.000Z
820387,Channel O,1/25/2016 10:07,2026-07-30T00:00:57.000Z
820387,SuperSport Blitz,1/26/2016 19:30,2026-07-30T00:07:30.000Z
892515,SuperSport Blitz,3/23/2016 7:31,2026-07-30T00:00:10.000Z
892515,Supersport Live Events,3/18/2016 11:13,2026-07-30T00:10:28.000Z
2203323,ICC Cricket World Cup 2011,2/24/2016 14:56,2026-07-30T00:04:06.000Z
2203323,Channel O,2/24/2016 19:43,2026-07-30T00:00:27.000Z
2203323,Africa Magic,2/27/2016 9:07,2026-07-30T00:05:07.000Z
808976,SuperSport Blitz,3/2/2016 15:30,2026-07-30T00:18:34.000Z
866192,SawSee,3/23/2016 20:07,2026-07-30T00:00:37.000Z
866192,Trace TV,3/26/2016 4:50,2026-07-30T00:04:42.000Z
866192,Vuzu,3/26/2016 20:57,2026-07-30T00:00:00.000Z
930014,ICC Cricket World Cup 2011,3/30/2016 13:51,2026-07-30T00:05:28.000Z
930015,kykNET,3/31/2016 8:09,2026-07-30T00:08:21.000Z
930015,ICC Cricket World Cup 2011,3/30/2016 15:22,2026-07-30T01:25:30.000Z
930015,ICC Cricket World Cup 2011,3/29/2016 21:33,2026-07-30T00:01:18.000Z
1297586,SuperSport Blitz,3/9/2016 4:51,2026-07-30T00:00:00.000Z
866195,MK,3/12/2016 0:19,2026-07-30T00:01:11.000Z
820398,Supersport Live Events,2/26/2016 21:25,2026-07-30T00:00:00.000Z
820398,Supersport Live Events,2/26/2016 21:47,2026-07-30T00:00:52.000Z
820398,Africa Magic,3/5/2016 22:03,2026-07-30T00:10:58.000Z
820398,Channel O,3/1/2016 5:01,2026-07-30T00:07:39.000Z
803542,Trace TV,3/31/2016 14:52,2026-07-30T00:29:03.000Z
593622,Trace TV,1/21/2016 12:05,2026-07-30T00:09:00.000Z
831755,Cartoon Network,3/15/2016 13:31,2026-07-30T00:00:00.000Z
831755,E! Entertainment,3/1/2016 16:03,2026-07-30T00:00:32.000Z
771848,Break in transmission,2/11/2016 11:39,2026-07-30T00:00:12.000Z
771848,Boomerang,2/10/2016 19:55,2026-07-30T00:09:04.000Z
771848,Boomerang,1/1/2016 18:54,2026-07-30T00:01:50.000Z
771848,Supersport Live Events,1/22/2016 13:02,2026-07-30T00:02:04.000Z
771848,Supersport Live Events,1/18/2016 12:43,2026-07-30T00:01:26.000Z
764355,Channel O,1/22/2016 14:42,2026-07-30T00:00:09.000Z
2255559,Supersport Live Events,3/28/2016 13:22,2026-07-30T00:01:08.000Z
2255559,M-Net,3/30/2016 18:57,2026-07-30T00:00:38.000Z
919180,Supersport Live Events,3/26/2016 9:08,2026-07-30T00:06:00.000Z
771849,Africa Magic,2/19/2016 21:17,2026-07-30T00:07:53.000Z
771849,SawSee,2/19/2016 21:22,2026-07-30T00:01:42.000Z
771849,Supersport Live Events,2/6/2016 15:00,2026-07-30T00:00:24.000Z
808979,E! Entertainment,2/22/2016 19:30,2026-07-30T00:04:52.000Z
866197,Trace TV,3/11/2016 17:13,2026-07-30T02:59:03.000Z
777084,Supersport Live Events,2/6/2016 16:08,2026-07-30T00:00:00.000Z
621621,SawSee,1/17/2016 15:21,2026-07-30T00:00:28.000Z
808983,CNN,2/15/2016 20:41,2026-07-30T00:02:01.000Z
772142,Boomerang,3/10/2016 20:10,2026-07-30T00:01:26.000Z
808983,SuperSport Live Events,2/13/2016 19:34,2026-07-30T00:00:00.000Z
771003,ICC Cricket World Cup 2011,2/26/2016 11:17,2026-07-30T00:01:38.000Z
771003,Cartoon Network,2/26/2016 14:11,2026-07-30T00:01:28.000Z
771003,SawSee,2/27/2016 16:24,2026-07-30T00:00:42.000Z
808984,kykNET,2/19/2016 15:58,2026-07-30T00:01:57.000Z
771855,Africa Magic,2/19/2016 1:15,2026-07-30T00:08:34.000Z
733281,Trace TV,1/26/2016 16:09,2026-07-30T00:00:06.000Z
892523,Africa Magic,3/18/2016 13:20,2026-07-30T00:00:42.000Z
892523,Africa Magic,3/19/2016 11:08,2026-07-30T00:00:47.000Z
892523,ICC Cricket World Cup 2011,3/16/2016 10:37,2026-07-30T00:01:48.000Z
892523,Africa Magic,3/27/2016 11:01,2026-07-30T00:00:00.000Z
892523,Trace TV,3/27/2016 20:22,2026-07-30T00:55:00.000Z
892523,Cartoon Network,3/26/2016 10:30,2026-07-30T00:01:16.000Z
892523,Trace TV,3/21/2016 5:30,2026-07-30T00:12:36.000Z
892523,Trace TV,3/21/2016 8:50,2026-07-30T00:05:36.000Z
892523,Africa Magic,3/21/2016 18:23,2026-07-30T00:01:27.000Z
771856,Trace TV,2/6/2016 9:28,2026-07-30T00:02:06.000Z
808988,CNN,2/20/2016 13:41,2026-07-30T00:00:21.000Z
808988,Supersport Live Events,2/20/2016 15:48,2026-07-30T00:05:06.000Z
808988,Channel O,2/20/2016 22:02,2026-07-30T00:05:09.000Z
808988,CNN,2/20/2016 22:04,2026-07-30T00:00:09.000Z
730254,Channel O,1/21/2016 9:02,2026-07-30T01:59:48.000Z
771858,Supersport Live Events,3/5/2016 11:37,2026-07-30T00:01:46.000Z
866202,ICC Cricket World Cup 2011,3/16/2016 11:31,2026-07-30T00:02:12.000Z
808990,ICC Cricket World Cup 2011,2/24/2016 8:47,2026-07-30T00:00:58.000Z
2090526,Africa Magic,2/21/2016 18:18,2026-07-30T00:01:21.000Z
2090526,Africa Magic,2/14/2016 11:54,2026-07-30T00:00:36.000Z
2090526,Africa Magic,3/24/2016 1:41,2026-07-30T00:02:22.000Z
2090526,Boomerang,1/23/2016 6:03,2026-07-30T00:49:27.000Z
2090526,Africa Magic,3/4/2016 21:35,2026-07-30T00:32:29.000Z
2090526,Africa Magic,1/30/2016 11:41,2026-07-30T00:00:38.000Z
2090526,Africa Magic,1/28/2016 20:21,2026-07-30T00:10:41.000Z
2090526,Africa Magic,1/17/2016 7:44,2026-07-30T00:00:22.000Z
2090526,Boomerang,3/7/2016 10:18,2026-07-30T00:01:14.000Z
939659,Africa Magic,3/19/2016 19:09,2026-07-30T00:02:57.000Z
939659,SuperSport Blitz,3/19/2016 19:11,2026-07-30T00:01:08.000Z
939659,Trace TV,3/31/2016 17:51,2026-07-30T00:02:18.000Z
939659,Trace TV,3/20/2016 13:51,2026-07-30T00:32:21.000Z
939659,Cartoon Network,3/20/2016 17:23,2026-07-30T00:07:27.000Z
939659,Africa Magic,3/28/2016 16:19,2026-07-30T00:01:46.000Z
939659,ICC Cricket World Cup 2011,3/28/2016 10:45,2026-07-30T00:00:00.000Z
939659,Supersport Live Events,3/30/2016 11:30,2026-07-30T00:00:30.000Z
939659,Channel O,3/24/2016 6:57,2026-07-30T00:06:06.000Z
939659,Channel O,3/21/2016 7:30,2026-07-30T00:07:45.000Z
778615,Channel O,3/12/2016 15:45,2026-07-30T00:03:45.000Z
866205,Supersport Live Events,3/14/2016 8:49,2026-07-30T00:08:44.000Z
866205,ICC Cricket World Cup 2011,3/15/2016 9:50,2026-07-30T00:08:08.000Z
866205,ICC Cricket World Cup 2011,3/12/2016 16:05,2026-07-30T00:42:08.000Z
771867,CNN,2/5/2016 5:40,2026-07-30T00:06:15.000Z
771867,Trace TV,3/1/2016 22:04,2026-07-30T00:19:06.000Z
771867,M-Net,3/13/2016 7:08,2026-07-30T00:05:12.000Z
771867,Supersport Live Events,3/13/2016 21:05,2026-07-30T00:00:00.000Z
771867,SuperSport Blitz,1/31/2016 16:42,2026-07-30T00:00:22.000Z
771867,CNN,1/17/2016 16:56,2026-07-30T00:00:42.000Z
771867,Supersport Live Events,1/22/2016 14:14,2026-07-30T00:01:20.000Z
771867,Africa Magic,1/30/2016 19:20,2026-07-30T00:01:23.000Z
771867,Africa Magic,1/18/2016 16:12,2026-07-30T00:01:59.000Z
771867,Africa Magic,3/31/2016 17:57,2026-07-30T00:00:56.000Z
809337,Boomerang,2/13/2016 0:19,2026-07-30T00:04:16.000Z
779442,DStv Events 1,1/18/2016 21:54,2026-07-30T00:00:00.000Z
779442,Channel O,1/18/2016 22:04,2026-07-30T00:00:42.000Z
779442,Channel O,1/22/2016 14:13,2026-07-30T00:10:03.000Z
939662,ICC Cricket World Cup 2011,3/30/2016 12:48,2026-07-30T00:02:10.000Z
2359724,ICC Cricket World Cup 2011,2/21/2016 9:10,2026-07-30T00:05:38.000Z
2359724,ICC Cricket World Cup 2011,2/26/2016 11:53,2026-07-30T00:00:00.000Z
2359724,ICC Cricket World Cup 2011,2/26/2016 14:01,2026-07-30T00:02:36.000Z
2359724,Supersport Live Events,3/24/2016 16:51,2026-07-30T00:30:06.000Z
2359724,SuperSport Blitz,3/19/2016 12:05,2026-07-30T00:05:44.000Z
2359724,ICC Cricket World Cup 2011,2/28/2016 10:24,2026-07-30T00:01:50.000Z
2359724,ICC Cricket World Cup 2011,3/1/2016 16:28,2026-07-30T00:00:40.000Z
2359724,SuperSport Live Events,2/13/2016 17:53,2026-07-30T00:02:24.000Z
2359724,SuperSport Live Events,2/13/2016 17:56,2026-07-30T00:01:22.000Z
904173,Supersport Live Events,3/25/2016 8:20,2026-07-30T00:15:24.000Z
904174,Cartoon Network,3/26/2016 12:38,2026-07-30T00:00:00.000Z
904174,ICC Cricket World Cup 2011,3/29/2016 16:58,2026-07-30T00:04:42.000Z
831766,Channel O,3/3/2016 15:46,2026-07-30T00:04:21.000Z
831766,Africa Magic,3/5/2016 19:35,2026-07-30T00:00:31.000Z
808997,Trace TV,2/19/2016 10:41,2026-07-30T00:02:18.000Z
808997,Channel O,2/19/2016 18:27,2026-07-30T00:00:00.000Z
808997,Channel O,3/22/2016 4:33,2026-07-30T00:06:03.000Z
808997,Channel O,2/25/2016 5:24,2026-07-30T00:19:45.000Z
808997,Channel O,1/27/2016 6:12,2026-07-30T00:01:42.000Z
808997,Channel O,2/1/2016 4:54,2026-07-30T00:05:57.000Z
892532,Cartoon Network,3/20/2016 20:39,2026-07-30T00:00:35.000Z
816289,Channel O,3/8/2016 12:48,2026-07-30T00:02:21.000Z
816289,CNN,3/9/2016 5:31,2026-07-30T00:00:00.000Z
868961,Supersport Live Events,3/16/2016 16:28,2026-07-30T00:01:08.000Z
2285609,Cartoon Network,2/25/2016 21:38,2026-07-30T00:00:04.000Z
2285609,Trace TV,3/7/2016 21:45,2026-07-30T01:29:54.000Z
793649,Trace TV,3/30/2016 7:28,2026-07-30T00:11:30.000Z
793649,MK,3/27/2016 21:39,2026-07-30T00:00:20.000Z
793649,Africa Magic,3/29/2016 15:54,2026-07-30T00:01:29.000Z
771872,Cartoon Network,2/7/2016 14:10,2026-07-30T00:12:33.000Z
771872,Boomerang,1/31/2016 14:20,2026-07-30T00:10:04.000Z
771872,Boomerang,1/31/2016 17:32,2026-07-30T00:00:01.000Z
809000,Supersport Live Events,2/19/2016 7:18,2026-07-30T00:01:10.000Z
809000,Vuzu,1/3/2016 20:34,2026-07-30T00:02:05.000Z
809000,Channel O,1/5/2016 5:06,2026-07-30T00:01:06.000Z
809000,CNN,3/4/2016 7:17,2026-07-30T00:00:54.000Z
809000,SuperSport Blitz,3/12/2016 20:20,2026-07-30T00:02:22.000Z
809000,Africa Magic,3/10/2016 2:28,2026-07-30T00:11:24.000Z
771876,Trace TV,1/31/2016 11:28,2026-07-30T00:04:54.000Z
771876,Boomerang,2/7/2016 17:54,2026-07-30T00:00:36.000Z
771876,Supersport Live Events,1/29/2016 12:37,2026-07-30T00:00:00.000Z
771876,Boomerang,1/31/2016 13:03,2026-07-30T00:00:00.000Z
771876,Trace TV,2/6/2016 6:14,2026-07-30T00:37:36.000Z
771876,Cartoon Network,2/6/2016 14:08,2026-07-30T00:03:31.000Z
771877,M-Net,1/29/2016 19:43,2026-07-30T00:02:35.000Z
771877,SawSee,1/31/2016 18:38,2026-07-30T00:13:58.000Z
2359733,Channel O,1/26/2016 21:50,2026-07-30T00:08:33.000Z
809006,Supersport Live Events,2/15/2016 23:54,2026-07-30T00:00:42.000Z
809006,Trace TV,2/16/2016 13:23,2026-07-30T00:02:00.000Z
891747,Supersport Live Events,3/24/2016 13:44,2026-07-30T00:28:02.000Z
601422,Supersport Live Events,1/9/2016 15:41,2026-07-30T00:39:48.000Z
866215,Trace TV,3/7/2016 16:00,2026-07-30T00:04:03.000Z
939668,Channel O,3/11/2016 6:29,2026-07-30T00:13:30.000Z
939668,E! Entertainment,3/12/2016 6:57,2026-07-30T00:18:34.000Z
939668,SuperSport Blitz,3/12/2016 17:12,2026-07-30T00:01:40.000Z
939668,Channel O,3/12/2016 18:50,2026-07-30T00:00:42.000Z
416232,Boomerang,2/13/2016 5:15,2026-07-30T00:00:00.000Z
793652,Supersport Live Events,3/24/2016 8:50,2026-07-30T00:00:20.000Z
830884,CNN,3/11/2016 12:26,2026-07-30T00:12:21.000Z
809008,Channel O,3/3/2016 19:19,2026-07-30T00:01:06.000Z
809008,MK,3/3/2016 18:38,2026-07-30T00:00:21.000Z
809008,Africa Magic,3/5/2016 10:06,2026-07-30T00:22:56.000Z
809008,SuperSport Blitz,3/5/2016 13:47,2026-07-30T00:03:12.000Z
809008,Cartoon Network,2/28/2016 14:28,2026-07-30T00:03:57.000Z
809008,ICC Cricket World Cup 2011,3/9/2016 12:11,2026-07-30T00:00:38.000Z
809008,SuperSport Blitz,3/1/2016 19:15,2026-07-30T00:05:20.000Z
771881,Boomerang,3/22/2016 7:26,2026-07-30T00:00:21.000Z
771881,Africa Magic,1/18/2016 13:54,2026-07-30T00:00:17.000Z
771881,Africa Magic,1/20/2016 17:07,2026-07-30T00:00:07.000Z
771881,Supersport Live Events,3/20/2016 15:52,2026-07-30T00:00:22.000Z
771882,Cartoon Network,1/25/2016 16:43,2026-07-30T00:00:19.000Z
771882,Africa Magic,1/20/2016 10:37,2026-07-30T00:00:45.000Z
771882,Cartoon Network,2/17/2016 23:09,2026-07-30T00:01:14.000Z
930047,SuperSport Blitz,3/28/2016 15:36,2026-07-30T00:00:04.000Z
809010,Cartoon Network,2/14/2016 9:36,2026-07-30T00:00:05.000Z
809010,Cartoon Network,2/16/2016 14:34,2026-07-30T00:07:11.000Z
809010,Trace TV,2/16/2016 9:44,2026-07-30T00:04:30.000Z
939673,SuperSport Blitz,3/28/2016 11:20,2026-07-30T00:04:36.000Z
764396,Supersport Live Events,1/24/2016 19:41,2026-07-30T00:04:54.000Z
764396,CNN,1/25/2016 8:39,2026-07-30T00:12:00.000Z
764396,Boomerang,1/8/2016 3:51,2026-07-30T00:14:33.000Z
764396,Cartoon Network,1/22/2016 3:48,2026-07-30T00:01:00.000Z
764396,Cartoon Network,1/18/2016 5:37,2026-07-30T00:00:18.000Z
809011,Supersport Live Events,2/20/2016 5:28,2026-07-30T00:00:22.000Z
809011,SuperSport Blitz,2/20/2016 14:30,2026-07-30T00:00:00.000Z
809011,SuperSport Blitz,2/21/2016 18:34,2026-07-30T00:01:00.000Z
809011,Supersport Live Events,2/19/2016 13:27,2026-07-30T00:58:30.000Z
809011,ICC Cricket World Cup 2011,2/25/2016 10:31,2026-07-30T00:06:32.000Z
809011,Supersport Live Events,2/25/2016 7:54,2026-07-30T00:04:34.000Z
809011,DStv Events 1,2/27/2016 10:18,2026-07-30T00:01:00.000Z
875048,ICC Cricket World Cup 2011,3/15/2016 8:53,2026-07-30T00:00:00.000Z
721900,SawSee,2/6/2016 19:20,2026-07-30T00:00:00.000Z
831775,M-Net,3/13/2016 8:41,2026-07-30T00:00:12.000Z
831775,Africa Magic,3/29/2016 16:07,2026-07-30T00:00:35.000Z
803575,Supersport Live Events,2/19/2016 9:08,2026-07-30T00:00:22.000Z
803575,Supersport Live Events,1/31/2016 9:46,2026-07-30T00:27:16.000Z
803575,Supersport Live Events,1/23/2016 10:34,2026-07-30T00:39:16.000Z
939679,Boomerang,3/28/2016 15:34,2026-07-30T00:00:07.000Z
939679,Boomerang,3/28/2016 16:27,2026-07-30T00:00:10.000Z
939679,Cartoon Network,3/24/2016 22:49,2026-07-30T00:00:07.000Z
809015,Boomerang,2/20/2016 4:16,2026-07-30T00:00:01.000Z
809015,Channel O,2/19/2016 4:30,2026-07-30T00:38:48.000Z
809015,Cartoon Network,2/5/2016 6:49,2026-07-30T00:00:15.000Z
809015,Channel O,2/19/2016 4:30,2026-07-30T00:38:48.000Z
809015,Channel O,2/24/2016 8:37,2026-07-30T00:02:00.000Z
809015,Cartoon Network,1/30/2016 16:54,2026-07-30T00:00:08.000Z
809015,Cartoon Network,1/29/2016 19:48,2026-07-30T00:00:28.000Z
809015,SuperSport Blitz,1/28/2016 16:26,2026-07-30T00:09:28.000Z
809015,Channel O,2/6/2016 11:34,2026-07-30T00:00:15.000Z
809015,Cartoon Network,2/23/2016 16:55,2026-07-30T00:00:29.000Z
939680,Supersport Live Events,3/24/2016 16:59,2026-07-30T00:03:10.000Z
939680,Cartoon Network,3/24/2016 6:36,2026-07-30T00:01:45.000Z
939680,Boomerang,3/28/2016 10:53,2026-07-30T00:06:21.000Z
939680,Trace TV,3/27/2016 16:06,2026-07-30T00:10:27.000Z
939680,Boomerang,3/27/2016 20:20,2026-07-30T00:01:11.000Z
939680,Boomerang,3/24/2016 8:53,2026-07-30T00:01:49.000Z
800825,Trace TV,2/16/2016 12:42,2026-07-30T00:00:00.000Z
788725,Channel O,2/15/2016 17:17,2026-07-30T00:00:33.000Z
788725,Africa Magic,2/19/2016 19:41,2026-07-30T00:00:17.000Z
788725,Trace TV,2/12/2016 13:38,2026-07-30T00:00:00.000Z
2090538,ICC Cricket World Cup 2011,3/30/2016 14:58,2026-07-30T00:29:56.000Z
809018,Cartoon Network,2/17/2016 22:03,2026-07-30T00:02:09.000Z
764405,E! Entertainment,2/12/2016 17:37,2026-07-30T00:00:00.000Z
788727,SuperSport Blitz,1/5/2016 19:31,2026-07-30T00:11:16.000Z
788727,Cartoon Network,1/10/2016 17:51,2026-07-30T00:00:31.000Z
788727,Supersport Live Events,1/14/2016 10:03,2026-07-30T00:05:06.000Z
788727,Supersport Live Events,1/23/2016 10:07,2026-07-30T00:00:00.000Z
771888,Channel O,2/25/2016 16:11,2026-07-30T00:01:21.000Z
788728,ICC Cricket World Cup 2011,3/15/2016 8:58,2026-07-30T00:00:18.000Z
779471,Boomerang,2/10/2016 6:38,2026-07-30T00:11:09.000Z
809021,Supersport Live Events,2/19/2016 21:28,2026-07-30T00:00:36.000Z
820442,SuperSport Blitz,2/27/2016 9:56,2026-07-30T00:00:46.000Z
2425739,SuperSport Blitz,3/26/2016 4:45,2026-07-30T00:03:26.000Z
771889,Africa Magic,1/27/2016 15:43,2026-07-30T00:00:17.000Z
771889,Africa Magic,1/21/2016 14:52,2026-07-30T00:07:59.000Z
793662,E! Entertainment,1/31/2016 10:54,2026-07-30T00:08:52.000Z
793662,Channel O,1/29/2016 15:31,2026-07-30T00:00:12.000Z
793662,Trace TV,3/31/2016 20:49,2026-07-30T00:28:51.000Z
892554,E! Entertainment,3/22/2016 6:04,2026-07-30T00:03:04.000Z
820443,Channel O,3/5/2016 16:01,2026-07-30T01:04:03.000Z
820443,Cartoon Network,2/27/2016 9:08,2026-07-30T00:04:06.000Z
820443,Channel O,2/28/2016 11:57,2026-07-30T00:00:45.000Z
919220,ICC Cricket World Cup 2011,3/28/2016 9:58,2026-07-30T00:00:40.000Z
919222,Cartoon Network,3/26/2016 17:25,2026-07-30T00:00:00.000Z
831788,SuperSport Blitz,3/6/2016 19:42,2026-07-30T00:00:04.000Z
831788,Supersport Live Events,3/6/2016 20:14,2026-07-30T00:00:06.000Z
831788,Supersport Live Events,3/6/2016 20:37,2026-07-30T00:00:04.000Z
866231,ICC Cricket World Cup 2011,3/5/2016 9:28,2026-07-30T00:08:38.000Z
866231,ICC Cricket World Cup 2011,3/15/2016 15:13,2026-07-30T00:00:44.000Z
930066,ICC Cricket World Cup 2011,3/29/2016 15:41,2026-07-30T00:00:08.000Z
892557,Cartoon Network,3/9/2016 13:36,2026-07-30T00:09:13.000Z
831789,Supersport Live Events,3/3/2016 19:55,2026-07-30T00:00:00.000Z
831789,Trace TV,3/3/2016 22:58,2026-07-30T00:22:24.000Z
831789,ICC Cricket World Cup 2011,3/4/2016 8:23,2026-07-30T00:00:50.000Z
831789,Channel O,3/4/2016 21:31,2026-07-30T00:04:48.000Z
831789,Boomerang,3/5/2016 20:20,2026-07-30T00:01:51.000Z
892558,Cartoon Network,3/24/2016 17:03,2026-07-30T00:00:00.000Z
892558,SawSee,3/20/2016 15:27,2026-07-30T00:00:50.000Z
930067,ICC Cricket World Cup 2011,3/30/2016 8:49,2026-07-30T00:00:22.000Z
868982,SuperSport Blitz,3/12/2016 8:50,2026-07-30T00:00:28.000Z
809028,Break in transmission,2/14/2016 3:14,2026-07-30T00:00:16.000Z
809028,Supersport Live Events,2/18/2016 9:20,2026-07-30T00:00:00.000Z
1445,SuperSport Blitz,2/25/2016 10:37,2026-07-30T00:05:38.000Z
1445,CNN,3/6/2016 15:47,2026-07-30T00:00:33.000Z
2023963,SuperSport Blitz,3/4/2016 19:34,2026-07-30T00:00:00.000Z
880319,ICC Cricket World Cup 2011,3/30/2016 11:07,2026-07-30T02:09:56.000Z
868986,CNN,3/15/2016 7:30,2026-07-30T00:00:00.000Z
868986,ICC Cricket World Cup 2011,3/15/2016 13:53,2026-07-30T00:07:34.000Z
939694,CNN,3/23/2016 18:55,2026-07-30T00:00:19.000Z
939694,SuperSport Blitz,3/27/2016 12:24,2026-07-30T00:04:54.000Z
370637,Supersport Live Events,1/18/2016 13:58,2026-07-30T00:31:06.000Z
808003,Channel O,2/28/2016 8:25,2026-07-30T00:00:09.000Z
805455,Trace TV,2/23/2016 12:09,2026-07-30T00:00:00.000Z
939695,Cartoon Network,1/1/2016 14:03,2026-07-30T00:28:28.000Z
939695,Channel O,1/9/2016 18:03,2026-07-30T00:01:06.000Z
939695,CNN,1/14/2016 16:16,2026-07-30T00:12:51.000Z
919229,ICC Cricket World Cup 2011,3/29/2016 8:55,2026-07-30T00:19:34.000Z
919229,ICC Cricket World Cup 2011,3/29/2016 10:42,2026-07-30T00:10:10.000Z
793670,Cartoon Network,1/17/2016 19:43,2026-07-30T00:03:41.000Z
793670,SuperSport Blitz,1/29/2016 16:37,2026-07-30T00:31:10.000Z
793670,CNN,1/18/2016 15:16,2026-07-30T00:00:14.000Z
793670,Boomerang,1/15/2016 11:02,2026-07-30T00:12:53.000Z
2359771,Supersport Live Events,1/16/2016 7:57,2026-07-30T00:01:28.000Z
2359771,Trace TV,1/22/2016 10:21,2026-07-30T00:35:27.000Z
2359771,Trace TV,1/20/2016 7:52,2026-07-30T00:01:54.000Z
2359771,Supersport Live Events,1/16/2016 15:42,2026-07-30T00:20:42.000Z
809034,ICC Cricket World Cup 2011,3/3/2016 5:39,2026-07-30T00:07:50.000Z
809034,Channel O,3/1/2016 4:22,2026-07-30T00:17:30.000Z
793672,Africa Magic,1/21/2016 16:30,2026-07-30T00:00:02.000Z
2090555,E! Entertainment,3/13/2016 17:39,2026-07-30T00:00:38.000Z
2090555,ICC Cricket World Cup 2011,3/14/2016 15:47,2026-07-30T00:04:14.000Z
2090555,ICC Cricket World Cup 2011,3/19/2016 10:54,2026-07-30T00:00:58.000Z
2090555,ICC Cricket World Cup 2011,3/30/2016 8:49,2026-07-30T00:03:32.000Z
809035,ICC Cricket World Cup 2011,2/22/2016 16:43,2026-07-30T00:01:38.000Z
809035,Supersport Live Events,1/8/2016 3:47,2026-07-30T00:23:48.000Z
809035,SuperSport Blitz,1/29/2016 19:46,2026-07-30T00:01:02.000Z
809035,ICC Cricket World Cup 2011,3/3/2016 4:41,2026-07-30T00:07:30.000Z
939699,Channel O,3/1/2016 12:55,2026-07-30T00:02:54.000Z
597268,Trace TV,1/6/2016 6:28,2026-07-30T00:15:12.000Z
597268,SuperSport Blitz,1/8/2016 12:44,2026-07-30T00:00:50.000Z
597268,Channel O,1/6/2016 8:33,2026-07-30T00:01:30.000Z
597268,Channel O,1/8/2016 12:46,2026-07-30T00:01:27.000Z
597268,DStv Events 1,1/8/2016 18:59,2026-07-30T00:05:45.000Z
597268,Channel O,1/10/2016 15:02,2026-07-30T00:09:06.000Z
597268,Trace TV,1/5/2016 20:13,2026-07-30T00:13:12.000Z
597268,Supersport Live Events,1/8/2016 7:26,2026-07-30T00:00:50.000Z
882376,Supersport Live Events,3/19/2016 14:14,2026-07-30T00:01:12.000Z
866244,Channel O,2/21/2016 6:31,2026-07-30T00:02:15.000Z
866244,SuperSport Blitz,2/20/2016 13:02,2026-07-30T00:00:58.000Z
866244,Supersport Live Events,2/20/2016 13:03,2026-07-30T00:00:54.000Z
866244,Channel O,2/21/2016 7:20,2026-07-30T00:09:06.000Z
866244,SuperSport Blitz,3/25/2016 19:36,2026-07-30T00:00:00.000Z
866244,Supersport Live Events,3/24/2016 10:02,2026-07-30T00:03:00.000Z
788744,SuperSport Blitz,1/14/2016 23:09,2026-07-30T00:02:30.000Z
788744,Supersport Live Events,1/18/2016 9:35,2026-07-30T00:00:52.000Z
771902,Africa Magic,1/15/2016 18:35,2026-07-30T00:01:11.000Z
771903,Supersport Live Events,3/27/2016 15:12,2026-07-30T00:01:16.000Z
747690,Trace TV,1/16/2016 18:49,2026-07-30T00:00:15.000Z
779485,Boomerang,2/2/2016 9:23,2026-07-30T00:01:18.000Z
779485,Trace TV,2/2/2016 15:20,2026-07-30T00:43:48.000Z
779485,M-Net,2/4/2016 21:35,2026-07-30T00:00:18.000Z
779485,Boomerang,1/6/2016 9:34,2026-07-30T00:12:33.000Z
779485,Channel O,1/2/2016 6:46,2026-07-30T00:01:27.000Z
779485,Channel O,1/30/2016 10:38,2026-07-30T02:02:57.000Z
779485,SuperSport Blitz,1/29/2016 11:29,2026-07-30T00:17:40.000Z
736517,Africa Magic,1/24/2016 10:04,2026-07-30T00:00:00.000Z
736517,Africa Magic,1/24/2016 8:15,2026-07-30T00:06:20.000Z
779486,SuperSport Blitz,1/9/2016 3:28,2026-07-30T00:00:20.000Z
939702,Boomerang,3/4/2016 19:02,2026-07-30T00:07:46.000Z
764429,Trace TV,1/6/2016 19:23,2026-07-30T00:04:15.000Z
764429,M-Net,2/27/2016 19:44,2026-07-30T00:02:31.000Z
742848,CNN,2/3/2016 4:59,2026-07-30T00:00:31.000Z
742848,Channel O,1/27/2016 4:15,2026-07-30T00:06:54.000Z
742848,SuperSport Blitz,2/9/2016 19:10,2026-07-30T00:00:40.000Z
859379,Supersport Live Events,3/11/2016 7:38,2026-07-30T00:47:42.000Z
2285664,SuperSport Blitz,3/25/2016 7:26,2026-07-30T00:00:00.000Z
2285664,ICC Cricket World Cup 2011,3/26/2016 10:02,2026-07-30T01:06:24.000Z
777129,Trace TV,1/10/2016 19:09,2026-07-30T00:01:12.000Z
771907,Trace TV,2/9/2016 17:45,2026-07-30T00:15:42.000Z
720398,DStv Events 1,1/20/2016 17:22,2026-07-30T00:01:05.000Z
819332,Boomerang,3/6/2016 20:44,2026-07-30T00:00:58.000Z
771048,Cartoon Network,2/5/2016 21:58,2026-07-30T00:00:53.000Z
771048,SuperSport Blitz,2/6/2016 20:34,2026-07-30T00:08:34.000Z
820456,SuperSport Blitz,1/27/2016 15:30,2026-07-30T00:01:46.000Z
809039,Boomerang,2/19/2016 17:25,2026-07-30T00:00:04.000Z
809039,Supersport Live Events,2/19/2016 17:26,2026-07-30T00:01:48.000Z
809039,Supersport Live Events,2/19/2016 17:57,2026-07-30T00:00:26.000Z
865408,SuperSport Blitz,3/16/2016 17:59,2026-07-30T00:00:40.000Z
831810,Trace TV,3/2/2016 12:01,2026-07-30T00:00:51.000Z
831810,Boomerang,3/6/2016 12:12,2026-07-30T00:07:09.000Z
904273,Boomerang,3/24/2016 5:45,2026-07-30T00:00:57.000Z
904274,Africa Magic,3/31/2016 8:04,2026-07-30T00:00:45.000Z
904274,ICC Cricket World Cup 2011,3/30/2016 12:06,2026-07-30T00:08:58.000Z
904274,ICC Cricket World Cup 2011,3/30/2016 11:57,2026-07-30T00:30:52.000Z
866251,Trace TV,3/3/2016 18:32,2026-07-30T00:28:42.000Z
2420980,Boomerang,3/21/2016 9:48,2026-07-30T00:01:11.000Z
788751,SuperSport Blitz,2/1/2016 21:35,2026-07-30T00:04:20.000Z
892573,SuperSport Blitz,3/19/2016 16:53,2026-07-30T00:00:04.000Z
809043,Trace TV,2/19/2016 4:10,2026-07-30T00:20:24.000Z
809043,Supersport Live Events,2/21/2016 19:50,2026-07-30T00:14:58.000Z
809043,Supersport Live Events,3/6/2016 12:46,2026-07-30T00:02:00.000Z
939712,Africa Magic,3/23/2016 6:16,2026-07-30T00:00:49.000Z
939712,Supersport Live Events,3/20/2016 12:59,2026-07-30T00:00:48.000Z
817317,SawSee,3/4/2016 14:06,2026-07-30T00:00:14.000Z
817317,M-Net,3/4/2016 14:09,2026-07-30T00:00:10.000Z
817317,Boomerang,2/6/2016 12:43,2026-07-30T00:00:08.000Z
817317,ICC Cricket World Cup 2011,2/23/2016 16:03,2026-07-30T00:01:54.000Z
817317,kykNET,2/23/2016 16:11,2026-07-30T00:00:54.000Z
817317,Channel O,3/25/2016 13:54,2026-07-30T00:00:21.000Z
771911,Supersport Live Events,2/14/2016 19:34,2026-07-30T00:01:06.000Z
771911,Supersport Live Events,2/2/2016 17:35,2026-07-30T00:08:44.000Z
771911,SawSee,2/2/2016 0:50,2026-07-30T00:00:05.000Z
771911,SuperSport Blitz,2/2/2016 0:33,2026-07-30T00:03:00.000Z
771911,Trace TV,3/8/2016 10:23,2026-07-30T00:03:09.000Z
771911,ICC Cricket World Cup 2011,3/6/2016 12:26,2026-07-30T00:10:06.000Z
916065,ICC Cricket World Cup 2011,3/26/2016 9:01,2026-07-30T00:06:50.000Z
2360384,Boomerang,2/8/2016 12:09,2026-07-30T00:04:44.000Z
809045,Cartoon Network,2/18/2016 21:13,2026-07-30T00:00:10.000Z
809045,Boomerang,2/27/2016 19:56,2026-07-30T00:01:08.000Z
859389,Supersport Live Events,3/26/2016 16:15,2026-07-30T00:03:26.000Z
866255,ICC Cricket World Cup 2011,3/5/2016 12:04,2026-07-30T00:08:24.000Z
939713,E! Entertainment,3/4/2016 21:06,2026-07-30T00:01:06.000Z
892577,SuperSport Blitz,3/20/2016 13:03,2026-07-30T00:07:14.000Z
893061,Boomerang,3/17/2016 13:48,2026-07-30T00:01:05.000Z
779489,M-Net,3/3/2016 2:28,2026-07-30T00:02:47.000Z
865413,Supersport Live Events,3/19/2016 11:40,2026-07-30T00:00:28.000Z
865413,Supersport Live Events,3/19/2016 9:14,2026-07-30T00:03:20.000Z
809047,Trace TV,3/31/2016 21:42,2026-07-30T00:02:45.000Z
809047,Trace TV,3/7/2016 18:36,2026-07-30T00:06:00.000Z
737179,Trace TV,1/24/2016 11:40,2026-07-30T00:01:33.000Z
930093,SawSee,3/30/2016 19:40,2026-07-30T00:04:50.000Z
922283,Cartoon Network,3/28/2016 15:12,2026-07-30T00:00:00.000Z
850779,Cartoon Network,3/3/2016 15:42,2026-07-30T00:00:12.000Z
930094,ICC Cricket World Cup 2011,3/29/2016 10:17,2026-07-30T00:01:24.000Z
930094,Trace TV,3/29/2016 15:32,2026-07-30T00:01:00.000Z
2285675,ICC Cricket World Cup 2011,3/25/2016 11:53,2026-07-30T00:00:32.000Z
831815,Supersport Live Events,3/3/2016 12:41,2026-07-30T00:11:42.000Z
642504,DStv Events 1,3/30/2016 6:07,2026-07-30T00:01:25.000Z
809048,Supersport Live Events,2/19/2016 11:51,2026-07-30T00:00:52.000Z
809048,ICC Cricket World Cup 2011,2/24/2016 14:59,2026-07-30T00:04:00.000Z
809048,Africa Magic,2/3/2016 9:55,2026-07-30T00:00:23.000Z
809048,Channel O,2/3/2016 10:05,2026-07-30T00:27:00.000Z
809048,ICC Cricket World Cup 2011,3/9/2016 13:18,2026-07-30T00:16:38.000Z
904295,Supersport Live Events,3/24/2016 16:44,2026-07-30T01:11:12.000Z
930097,ICC Cricket World Cup 2011,3/30/2016 15:04,2026-07-30T01:22:02.000Z
939717,E! Entertainment,3/30/2016 8:10,2026-07-30T00:00:46.000Z
939717,Trace TV,3/29/2016 20:22,2026-07-30T00:02:06.000Z
904299,ICC Cricket World Cup 2011,3/30/2016 12:04,2026-07-30T01:47:28.000Z
904299,ICC Cricket World Cup 2011,3/25/2016 15:32,2026-07-30T01:30:26.000Z
904299,ICC Cricket World Cup 2011,3/29/2016 13:01,2026-07-30T01:31:36.000Z
531053,Cartoon Network,1/11/2016 7:09,2026-07-30T00:02:17.000Z
2368559,Supersport Live Events,2/19/2016 19:26,2026-07-30T00:45:42.000Z
2368559,Supersport Live Events,2/4/2016 19:46,2026-07-30T00:13:28.000Z
2368559,Supersport Live Events,1/25/2016 20:50,2026-07-30T00:13:24.000Z
2368559,DStv Events 1,1/7/2016 17:42,2026-07-30T00:04:10.000Z
2368559,Africa Magic,1/8/2016 10:34,2026-07-30T00:00:26.000Z
779500,Break in transmission,2/14/2016 6:00,2026-07-30T00:00:16.000Z
779500,Boomerang,2/2/2016 15:55,2026-07-30T00:09:32.000Z
2425806,CNN,1/31/2016 16:01,2026-07-30T00:00:30.000Z
2425806,Boomerang,2/3/2016 15:38,2026-07-30T00:00:09.000Z
831820,ICC Cricket World Cup 2011,3/13/2016 14:35,2026-07-30T00:13:22.000Z
831820,Cartoon Network,3/6/2016 18:51,2026-07-30T00:00:57.000Z
831820,Cartoon Network,2/27/2016 18:02,2026-07-30T00:11:56.000Z
521247,Africa Magic,1/3/2016 20:51,2026-07-30T00:07:06.000Z
521247,Channel O,1/8/2016 12:25,2026-07-30T00:04:48.000Z
621328,DStv Events 1,1/13/2016 20:02,2026-07-30T00:01:35.000Z
892587,ICC Cricket World Cup 2011,3/11/2016 18:07,2026-07-30T00:01:10.000Z
892587,ICC Cricket World Cup 2011,3/20/2016 16:37,2026-07-30T01:04:12.000Z
939719,Channel O,3/31/2016 19:33,2026-07-30T00:02:18.000Z
939719,Vuzu,3/31/2016 16:36,2026-07-30T00:02:12.000Z
930104,SuperSport Blitz,3/29/2016 21:49,2026-07-30T00:04:24.000Z
866270,ICC Cricket World Cup 2011,3/13/2016 12:07,2026-07-30T00:59:14.000Z
866270,Cartoon Network,3/19/2016 9:27,2026-07-30T00:20:19.000Z
858517,Channel O,3/25/2016 16:17,2026-07-30T00:02:24.000Z
858517,Channel O,3/25/2016 10:44,2026-07-30T00:01:00.000Z
789241,Boomerang,2/13/2016 8:22,2026-07-30T00:01:58.000Z
1106301,SuperSport Blitz,3/26/2016 6:05,2026-07-30T00:00:50.000Z
1106301,SuperSport Blitz,3/26/2016 8:23,2026-07-30T00:01:54.000Z
817331,Channel O,2/25/2016 12:36,2026-07-30T00:16:00.000Z
2368568,CNN,3/18/2016 7:14,2026-07-30T00:07:50.000Z
2368568,CNN,3/19/2016 18:36,2026-07-30T00:02:01.000Z
2368568,Supersport Live Events,3/20/2016 16:29,2026-07-30T00:00:00.000Z
2368568,Africa Magic,3/16/2016 5:38,2026-07-30T00:00:44.000Z
2368568,Channel O,3/15/2016 21:31,2026-07-30T00:24:39.000Z
809056,Channel O,2/5/2016 14:31,2026-07-30T00:03:27.000Z
809056,ICC Cricket World Cup 2011,2/26/2016 11:02,2026-07-30T00:03:30.000Z
809056,E! Entertainment,2/15/2016 15:50,2026-07-30T00:01:54.000Z
809056,Trace TV,2/20/2016 9:29,2026-07-30T00:04:15.000Z
809056,SuperSport Blitz,2/20/2016 9:31,2026-07-30T00:01:28.000Z
809056,Channel O,2/14/2016 11:27,2026-07-30T00:04:24.000Z
809056,Trace TV,2/21/2016 15:17,2026-07-30T00:23:48.000Z
809056,Africa Magic,2/2/2016 18:18,2026-07-30T00:00:53.000Z
809056,ICC Cricket World Cup 2011,2/25/2016 7:45,2026-07-30T00:04:32.000Z
809056,Trace TV,3/8/2016 8:42,2026-07-30T00:09:48.000Z
809056,Trace TV,1/1/2016 19:19,2026-07-30T00:01:00.000Z
809056,Trace TV,1/27/2016 21:45,2026-07-30T00:07:39.000Z
809056,Supersport Live Events,1/12/2016 12:21,2026-07-30T00:00:58.000Z
809056,Trace TV,1/6/2016 19:27,2026-07-30T00:23:06.000Z
809056,Cartoon Network,2/12/2016 21:59,2026-07-30T00:00:14.000Z
809056,Boomerang,1/2/2016 18:57,2026-07-30T00:15:16.000Z
809056,Trace TV,1/1/2016 6:26,2026-07-30T00:02:48.000Z
809056,Trace TV,3/4/2016 23:03,2026-07-30T00:16:21.000Z
809056,ICC Cricket World Cup 2011,3/5/2016 13:25,2026-07-30T00:01:48.000Z
809056,Vuzu,2/18/2016 22:58,2026-07-30T00:00:28.000Z
809056,Channel O,2/12/2016 17:32,2026-07-30T00:00:42.000Z
809056,Boomerang,3/31/2016 16:33,2026-07-30T00:01:10.000Z
809056,Channel O,3/30/2016 11:17,2026-07-30T00:01:12.000Z
809056,DStv Events 1,3/26/2016 22:47,2026-07-30T00:01:15.000Z
809056,ICC Cricket World Cup 2011,3/1/2016 9:14,2026-07-30T00:03:44.000Z
809056,ICC Cricket World Cup 2011,3/29/2016 16:00,2026-07-30T00:24:42.000Z
809056,CNN,2/13/2016 0:00,2026-07-30T00:00:17.000Z
779505,Channel O,2/6/2016 18:53,2026-07-30T00:04:06.000Z
831826,SawSee,2/28/2016 7:48,2026-07-30T00:05:36.000Z
831826,ICC Cricket World Cup 2011,2/28/2016 12:29,2026-07-30T01:56:32.000Z
939723,ICC Cricket World Cup 2011,3/30/2016 16:43,2026-07-30T00:12:24.000Z
764451,Trace TV,1/11/2016 13:11,2026-07-30T00:03:06.000Z
930111,Boomerang,3/30/2016 21:03,2026-07-30T00:00:00.000Z
793693,SawSee,2/15/2016 6:37,2026-07-30T00:01:13.000Z
793693,Africa Magic,2/15/2016 7:11,2026-07-30T00:00:00.000Z
793693,Channel O,2/19/2016 8:42,2026-07-30T00:00:00.000Z
793693,Africa Magic,2/14/2016 8:18,2026-07-30T00:00:40.000Z
549032,SuperSport Blitz,1/12/2016 20:32,2026-07-30T00:01:34.000Z
549032,Boomerang,1/12/2016 21:33,2026-07-30T00:10:15.000Z
597265,Cartoon Network,1/9/2016 10:30,2026-07-30T00:08:13.000Z
597265,Trace TV,1/17/2016 16:15,2026-07-30T02:03:12.000Z
597265,Channel O,1/8/2016 13:31,2026-07-30T00:24:06.000Z
806431,SuperSport Blitz,2/2/2016 18:34,2026-07-30T00:04:48.000Z
771924,Africa Magic,2/9/2016 9:55,2026-07-30T00:01:11.000Z
869019,ICC Cricket World Cup 2011,3/15/2016 10:43,2026-07-30T00:03:06.000Z
869019,Boomerang,3/26/2016 6:32,2026-07-30T00:00:33.000Z
789265,Boomerang,2/8/2016 23:09,2026-07-30T00:19:48.000Z
882400,Supersport Live Events,3/19/2016 18:41,2026-07-30T00:02:38.000Z
918332,Supersport Live Events,3/28/2016 20:41,2026-07-30T00:01:44.000Z
918332,ICC Cricket World Cup 2011,3/30/2016 14:25,2026-07-30T00:02:00.000Z
918332,SuperSport Blitz,3/29/2016 8:47,2026-07-30T01:23:04.000Z
809063,Trace TV,2/20/2016 12:58,2026-07-30T00:03:48.000Z
809063,SuperSport Blitz,2/20/2016 11:15,2026-07-30T00:00:08.000Z
809063,SuperSport Blitz,2/24/2016 7:00,2026-07-30T00:03:58.000Z
2368583,ICC Cricket World Cup 2011,2/26/2016 16:27,2026-07-30T00:01:32.000Z
2368583,Supersport Live Events,2/19/2016 9:13,2026-07-30T00:01:30.000Z
786181,SuperSport Blitz,3/5/2016 19:14,2026-07-30T00:02:48.000Z
2285716,Supersport Live Events,3/24/2016 14:48,2026-07-30T00:00:04.000Z
2285716,SuperSport Blitz,3/29/2016 17:47,2026-07-30T00:00:26.000Z
793697,SuperSport Blitz,2/25/2016 14:08,2026-07-30T00:01:16.000Z
939729,ICC Cricket World Cup 2011,3/5/2016 8:51,2026-07-30T00:13:44.000Z
939729,CNN,3/12/2016 20:22,2026-07-30T00:05:46.000Z
939732,CNN,3/24/2016 19:10,2026-07-30T00:05:52.000Z
939732,CNN,3/30/2016 22:38,2026-07-30T01:04:59.000Z
771927,Supersport Live Events,1/31/2016 9:08,2026-07-30T00:18:14.000Z
771927,CNN,1/29/2016 16:32,2026-07-30T00:00:58.000Z
771927,SuperSport Blitz,1/28/2016 13:00,2026-07-30T00:17:14.000Z
771927,Supersport Live Events,2/1/2016 8:12,2026-07-30T04:49:00.000Z
771927,Supersport Live Events,1/27/2016 14:14,2026-07-30T00:01:18.000Z
771927,SuperSport Blitz,1/27/2016 5:55,2026-07-30T00:02:26.000Z
771927,Cartoon Network,1/30/2016 16:39,2026-07-30T00:01:38.000Z
432894,SuperSport Blitz,1/8/2016 3:10,2026-07-30T00:00:00.000Z
492897,Channel O,1/20/2016 14:11,2026-07-30T00:14:06.000Z
492897,Trace TV,1/18/2016 23:01,2026-07-30T00:02:18.000Z
894339,ICC Cricket World Cup 2011,3/23/2016 12:18,2026-07-30T00:00:00.000Z
930123,CNN,3/31/2016 9:49,2026-07-30T00:00:57.000Z
930123,SuperSport Blitz,3/31/2016 19:52,2026-07-30T00:21:32.000Z
592732,Africa Magic,1/13/2016 5:04,2026-07-30T00:15:05.000Z
904340,E! Entertainment,3/27/2016 17:38,2026-07-30T00:00:42.000Z
904340,Vuzu,3/27/2016 17:45,2026-07-30T00:00:23.000Z
904340,E! Entertainment,3/26/2016 21:29,2026-07-30T00:00:00.000Z
820491,Supersport Live Events,3/1/2016 4:12,2026-07-30T00:00:28.000Z
859431,SawSee,1/7/2016 12:55,2026-07-30T00:00:28.000Z
820492,Trace TV,1/11/2016 5:47,2026-07-30T00:09:51.000Z
820492,CNN,3/12/2016 14:30,2026-07-30T00:00:00.000Z
820492,Africa Magic,3/9/2016 15:32,2026-07-30T00:02:38.000Z
71489,Supersport Live Events,3/20/2016 15:40,2026-07-30T00:00:00.000Z
892603,SuperSport Blitz,3/22/2016 20:00,2026-07-30T00:01:38.000Z
809071,Vuzu,3/5/2016 6:19,2026-07-30T00:01:40.000Z
809072,Boomerang,2/22/2016 8:15,2026-07-30T00:00:43.000Z
809072,Boomerang,2/21/2016 15:47,2026-07-30T00:00:27.000Z
809072,Channel O,2/12/2016 6:24,2026-07-30T00:25:45.000Z
809076,Cartoon Network,2/19/2016 22:48,2026-07-30T00:04:43.000Z
809076,Channel O,2/19/2016 16:47,2026-07-30T00:00:30.000Z
809076,ICC Cricket World Cup 2011,2/20/2016 7:16,2026-07-30T00:01:42.000Z
809076,Supersport Live Events,2/20/2016 7:20,2026-07-30T00:03:00.000Z
809076,Channel O,2/19/2016 5:55,2026-07-30T00:13:15.000Z
809076,Supersport Live Events,2/19/2016 6:22,2026-07-30T00:00:12.000Z
809076,Channel O,3/8/2016 12:30,2026-07-30T01:00:30.000Z
809076,Supersport Live Events,3/18/2016 11:25,2026-07-30T00:10:10.000Z
809076,Africa Magic,3/4/2016 21:10,2026-07-30T00:03:58.000Z
809076,Channel O,3/4/2016 23:03,2026-07-30T00:01:09.000Z
809076,Boomerang,2/18/2016 5:53,2026-07-30T00:02:43.000Z
809076,Channel O,2/18/2016 6:14,2026-07-30T00:11:36.000Z
809076,Boomerang,3/6/2016 17:10,2026-07-30T00:02:25.000Z
809076,Africa Magic,2/27/2016 6:37,2026-07-30T00:02:45.000Z
809076,ICC Cricket World Cup 2011,3/12/2016 11:09,2026-07-30T00:05:00.000Z
809076,Supersport Live Events,3/12/2016 17:01,2026-07-30T00:00:44.000Z
809076,Channel O,3/21/2016 12:33,2026-07-30T00:05:18.000Z
918340,Boomerang,3/28/2016 10:26,2026-07-30T00:00:36.000Z
809079,Cartoon Network,2/22/2016 19:08,2026-07-30T00:00:08.000Z
809079,Africa Magic,2/21/2016 13:27,2026-07-30T00:00:17.000Z
809079,Boomerang,2/21/2016 17:15,2026-07-30T00:00:18.000Z
809079,SuperSport Blitz,2/21/2016 17:22,2026-07-30T00:00:42.000Z
820500,Supersport Live Events,2/26/2016 9:51,2026-07-30T00:00:08.000Z
819358,Trace TV,2/26/2016 20:38,2026-07-30T00:00:45.000Z
819358,ICC Cricket World Cup 2011,3/2/2016 11:59,2026-07-30T00:05:12.000Z
819358,Supersport Live Events,3/19/2016 16:24,2026-07-30T00:03:20.000Z
242356,ICC Cricket World Cup 2011,3/1/2016 9:03,2026-07-30T00:00:00.000Z
422095,ICC Cricket World Cup 2011,3/30/2016 14:24,2026-07-30T00:00:24.000Z
859438,Channel O,3/11/2016 2:21,2026-07-30T00:00:39.000Z
830921,Trace TV,3/3/2016 19:24,2026-07-30T00:01:15.000Z
866295,ICC Cricket World Cup 2011,3/15/2016 11:01,2026-07-30T00:46:48.000Z
830923,Trace TV,3/3/2016 9:16,2026-07-30T00:29:12.000Z
830923,E! Entertainment,3/3/2016 15:09,2026-07-30T00:00:54.000Z
830923,Trace TV,3/4/2016 12:30,2026-07-30T00:13:21.000Z
173765,Trace TV,1/8/2016 7:29,2026-07-30T00:01:03.000Z
1324574,Trace TV,3/5/2016 1:39,2026-07-30T00:00:00.000Z
939753,SawSee,3/19/2016 11:38,2026-07-30T00:00:08.000Z
86703,Supersport Live Events,3/19/2016 22:08,2026-07-30T00:00:00.000Z
809081,Supersport Live Events,2/20/2016 14:36,2026-07-30T00:00:52.000Z
809081,Africa Magic,2/18/2016 19:48,2026-07-30T00:01:56.000Z
809081,Africa Magic,2/21/2016 20:17,2026-07-30T00:00:09.000Z
809081,Africa Magic,3/9/2016 17:24,2026-07-30T00:00:07.000Z
866302,SuperSport Blitz,3/13/2016 19:10,2026-07-30T00:02:22.000Z
866302,Trace TV,3/19/2016 12:08,2026-07-30T00:11:00.000Z
866302,SuperSport Blitz,3/30/2016 9:58,2026-07-30T00:01:42.000Z
788787,Cartoon Network,3/4/2016 12:09,2026-07-30T00:00:37.000Z
788787,CNN,3/7/2016 20:46,2026-07-30T00:00:28.000Z
788788,Africa Magic,2/3/2016 17:41,2026-07-30T00:04:08.000Z
809083,SuperSport Blitz,2/25/2016 12:46,2026-07-30T00:18:40.000Z
809083,SawSee,2/22/2016 23:29,2026-07-30T00:01:44.000Z
820513,Africa Magic,3/2/2016 14:01,2026-07-30T00:04:38.000Z
820513,Trace TV,3/3/2016 19:26,2026-07-30T00:08:15.000Z
820513,Break in transmission,2/27/2016 19:05,2026-07-30T00:00:22.000Z
820513,Channel O,3/16/2016 20:23,2026-07-30T00:00:27.000Z
820513,Channel O,3/16/2016 20:25,2026-07-30T00:00:54.000Z
820513,Trace TV,3/15/2016 17:47,2026-07-30T00:15:51.000Z
820513,Channel O,3/9/2016 14:14,2026-07-30T00:14:36.000Z
820513,Trace TV,3/3/2016 5:25,2026-07-30T00:17:00.000Z
820513,SuperSport Blitz,3/3/2016 5:26,2026-07-30T00:23:22.000Z
820513,Channel O,3/21/2016 20:38,2026-07-30T00:01:18.000Z
771941,Channel O,1/10/2016 16:07,2026-07-30T00:01:42.000Z
771941,Channel O,1/31/2016 21:05,2026-07-30T00:08:03.000Z
771941,Trace TV,1/11/2016 3:44,2026-07-30T00:23:33.000Z
771941,Channel O,1/30/2016 19:56,2026-07-30T00:52:54.000Z
771941,Trace TV,1/25/2016 20:01,2026-07-30T00:08:21.000Z
771941,DStv Events 1,1/11/2016 6:12,2026-07-30T00:03:25.000Z
809085,Channel O,2/21/2016 7:30,2026-07-30T00:00:30.000Z
809085,Channel O,2/20/2016 9:18,2026-07-30T00:00:00.000Z
809085,Supersport Live Events,3/13/2016 14:15,2026-07-30T00:05:56.000Z
809085,SuperSport Blitz,2/2/2016 19:11,2026-07-30T00:00:30.000Z
809085,Channel O,3/11/2016 5:21,2026-07-30T00:00:24.000Z
809085,Trace TV,1/20/2016 22:16,2026-07-30T00:07:51.000Z
809085,Channel O,1/11/2016 7:11,2026-07-30T00:00:30.000Z
809085,SuperSport Blitz,1/30/2016 19:11,2026-07-30T00:00:00.000Z
809085,Boomerang,2/27/2016 7:49,2026-07-30T00:05:54.000Z
809085,ICC Cricket World Cup 2011,3/15/2016 15:42,2026-07-30T00:02:44.000Z
809085,CNN,3/1/2016 19:48,2026-07-30T00:01:01.000Z
764468,Channel O,2/2/2016 6:59,2026-07-30T00:02:09.000Z
2368619,Africa Magic,1/15/2016 15:44,2026-07-30T00:06:47.000Z
809087,Channel O,1/13/2016 17:50,2026-07-30T00:01:57.000Z
809087,Supersport Live Events,1/16/2016 14:38,2026-07-30T00:00:50.000Z
809087,SuperSport Blitz,1/14/2016 17:06,2026-07-30T00:06:44.000Z
809087,SuperSport Blitz,1/12/2016 13:07,2026-07-30T00:01:50.000Z
771945,Trace TV,2/7/2016 19:02,2026-07-30T00:14:33.000Z
771945,SawSee,1/28/2016 19:40,2026-07-30T00:00:36.000Z
771945,Africa Magic,1/27/2016 9:27,2026-07-30T00:00:53.000Z
771945,M-Net,1/27/2016 8:14,2026-07-30T00:00:16.000Z
771945,SuperSport Blitz,3/28/2016 13:46,2026-07-30T00:09:40.000Z
820518,CNN,1/7/2016 17:11,2026-07-30T00:00:18.000Z
788792,Africa Magic,1/29/2016 5:10,2026-07-30T00:00:11.000Z
788792,Africa Magic,1/16/2016 11:27,2026-07-30T00:02:33.000Z
788792,Cartoon Network,3/31/2016 19:10,2026-07-30T00:31:48.000Z
788792,Africa Magic,2/28/2016 12:22,2026-07-30T00:00:02.000Z
939765,Africa Magic,3/24/2016 7:04,2026-07-30T00:00:51.000Z
939766,Trace TV,3/21/2016 22:48,2026-07-30T00:39:15.000Z
939766,Channel O,3/20/2016 14:01,2026-07-30T00:52:42.000Z
789360,Boomerang,2/13/2016 10:28,2026-07-30T00:07:16.000Z
866310,Supersport Live Events,3/13/2016 16:44,2026-07-30T00:19:48.000Z
866310,Supersport Live Events,3/18/2016 19:32,2026-07-30T00:01:28.000Z
788794,Cartoon Network,2/11/2016 18:38,2026-07-30T00:06:19.000Z
788794,Channel O,2/10/2016 10:41,2026-07-30T00:09:54.000Z
788794,Supersport Live Events,2/6/2016 20:53,2026-07-30T00:10:22.000Z
788794,SuperSport Live Events,2/13/2016 21:02,2026-07-30T00:00:40.000Z
997491,ICC Cricket World Cup 2011,3/6/2016 20:03,2026-07-30T00:00:00.000Z
997491,Supersport Live Events,3/7/2016 20:10,2026-07-30T00:00:00.000Z
809091,Trace TV,2/11/2016 20:56,2026-07-30T00:00:27.000Z
